{
  "products": [
    {
      "id": "31",
      "name": "56 gfvdrtg",
      "price": "445",
      "description": "fdrseg"
    },
    {
      "id": "32",
      "name": "Hair Dryer",
      "price": "75",
      "description": "Professional ionic hair dryer"
    },
    {
      "id": "33",
      "name": "Action Camera",
      "price": "130",
      "description": "4K waterproof sports camera"
    },
    {
      "id": "34",
      "name": "Tripod Stand",
      "price": "28",
      "description": "Adjustable tripod for camera and phone"
    },
    {
      "id": "35",
      "name": "LED Strip Lights",
      "price": "20",
      "description": "RGB LED lights with remote control"
    },
    {
      "id": "36",
      "name": "Electric Scooter",
      "price": "499",
      "description": "Foldable e-scooter with 25km range"
    },
    {
      "id": "37",
      "name": "Smart Thermostat",
      "price": "180",
      "description": "WiFi-enabled home temperature control"
    },
    {
      "id": "38",
      "name": "Air Purifier",
      "price": "160",
      "description": "HEPA filter purifier for large rooms"
    },
    {
      "id": "39",
      "name": "Gaming Controller",
      "price": "70",
      "description": "Wireless controller compatible with PC"
    },
    {
      "id": "40",
      "name": "Smart Doorbell",
      "price": "130",
      "description": "Video doorbell with motion detection"
    },
    {
      "id": "41",
      "name": "Portable Coffee Maker",
      "price": "65",
      "description": "Travel espresso machine"
    },
    {
      "id": "42",
      "name": "Laptop Stand",
      "price": "35",
      "description": "Adjustable aluminum laptop stand"
    },
    {
      "id": "43",
      "name": "Smart Air Fryer",
      "price": "140",
      "description": "App-controlled 5L air fryer"
    },
    {
      "id": "44",
      "name": "Mini Refrigerator",
      "price": "220",
      "description": "Compact fridge for office or dorm"
    },
    {
      "id": "45",
      "name": "Desk Organizer",
      "price": "25",
      "description": "Multi-section bamboo desk organizer"
    },
    {
      "id": "46",
      "name": "HD Webcam",
      "price": "50",
      "description": "1080p webcam with built-in mic"
    },
    {
      "id": "47",
      "name": "USB Hub",
      "price": "22",
      "description": "4-port USB 3.0 hub"
    },
    {
      "id": "48",
      "name": "Portable Power Station",
      "price": "300",
      "description": "Rechargeable backup power supply"
    },
    {
      "id": "49",
      "name": "Wireless Charging Pad",
      "price": "30",
      "description": "10W fast charging Qi pad"
    },
    {
      "id": "50",
      "name": "Digital Alarm Clock",
      "price": "20",
      "description": "LED clock with temperature display"
    },
    {
      "id": "5d05",
      "name": "tv hd",
      "price": "1223",
      "description": "wecf"
    },
    {
      "id": "0cd5",
      "name": "yt bike",
      "price": "2000",
      "description": "sports bike"
    },
    {
      "id": "83",
      "name": "ewrr",
      "price": "554",
      "description": "dsg"
    },
    {
      "id": "823",
      "name": "qqqqqqqqqqqqqqqq",
      "price": "2334",
      "description": "yyyyyyyy"
    },
    {
      "id": "816",
      "name": "hocky",
      "price": "12",
      "description": "play hockey"
    },
    {
      "id": "165",
      "name": "bat ",
      "price": "3",
      "description": "xdaf "
    }
  ]
}